{"HGAT-sum": [0.5858884373845585, 0.675655707425194, 0.6919098633173254, 0.680458071666051, 0.6841521980051718, 0.6793498337643148, 0.6837827853712597, 0.6782415958625785, 0.676025120059106, 0.6745474695234577, 0.6649427410417437, 0.6601403768008866, 0.65718507572959, 0.6538603620243812, 0.6512744735869966, 0.6413003324713705, 0.639083856667898, 0.6276320650166236, 0.6143332101957887, 0.5999261174732176, 0.5773919468045807, 0.5570742519394163, 0.5397118581455486, 0.5212412264499446, 0.5057258958256372, 0.4987070557813077, 0.495382342076099, 0.4883635020317695, 0.48762467676394533, 0.4842999630587366, 0.47801994828223127], "HGAT-mean": [0.5869966752862948, 0.629479128186184, 0.5736978204654599, 0.5567048393055043, 0.5386036202438124, 0.5197635759142962, 0.4987070557813077, 0.5452530476542298, 0.4916882157369782, 0.49685999261174735, 0.5456224602881419, 0.4625046176579239, 0.4680458071666051, 0.4698928703361655, 0.46176579239009974, 0.47986701145179167, 0.4750646472109346, 0.46878463243442925, 0.4717399335057259, 0.4473586996675286, 0.4817140746213521, 0.4554857776135944, 0.45844107868489103, 0.4658293313631326, 0.4647210934613964, 0.47026228297007755, 0.47986701145179167, 0.46398226819357224, 0.46509050609530844, 0.4750646472109346, 0.476911710380495], "GCN": [0.6605097894347987, 0.6605097894347987, 0.7004063538973033, 0.6597709641669746, 0.6545991872922053, 0.5315847801994829, 0.5519024750646472, 0.476911710380495, 0.45807166605097893, 0.39637975618766164, 0.20908755079423716, 0.4772811230144071, 0.4554857776135944, 0.3638714444033986, 0.1773180642777983, 0.20317694865164387, 0.1994828223125231, 0.3716291097155523, 0.24972294052456595, 0.20354636128555598, 0.24085703731067604, 0.1935722201699298, 0.20871813816032508, 0.19061691909863318, 0.2338381972663465, 0.1773180642777983, 0.19800517177687477, 0.20354636128555598, 0.19209456963428148, 0.21093461396379756, 0.19615810860731436], "GraphSAGE-Mean": [0.6309567787218323, 0.6305873660879202, 0.588104913188031, 0.5120059106021426, 0.3605467306981899, 0.30476542297746584, 0.31917251570003696, 0.23827114887329146, 0.33949021056520134, 0.24602881418544514, 0.3228666420391577, 0.1954192833394902, 0.17768747691171038, 0.2065016623568526, 0.2065016623568526, 0.20354636128555598, 0.18175101588474327, 0.20539342445511635, 0.2065016623568526, 0.2065016623568526, 0.17768747691171038, 0.17768747691171038, 0.2065016623568526, 0.2065016623568526, 0.2105652013298855, 0.2065016623568526, 0.2046545991872922, 0.1813816032508312, 0.2105652013298855, 0.2105652013298855, 0.2065016623568526], "GraphSAGE-Sum": [0.6135943849279646, 0.61100849649058, 0.5914296268932397, 0.5197635759142962, 0.333210195788696, 0.3967491688215737, 0.31215367565570745, 0.2537864794975988, 0.31141485038788325, 0.2630217953454008, 0.24196527521241226, 0.30107129663834503, 0.27521241226449944, 0.3217584041374215, 0.2759512375323236, 0.27373476172885114, 0.2955301071296638, 0.2486147026228297, 0.3077207240487625, 0.2814924270410048, 0.2323605467306982, 0.24972294052456595, 0.3284078315478389, 0.2227558182489841, 0.21832286664203915, 0.2936830439601034, 0.33949021056520134, 0.29774658293313633, 0.2571111932028075, 0.30291835980790544, 0.2833394902105652], "GraphSAGE-Max": [0.6147026228297008, 0.6147026228297008, 0.6180273365349095, 0.5936461026967123, 0.5227188769855929, 0.46509050609530844, 0.4462504617657924, 0.31510897672700405, 0.3867750277059475, 0.3199113409678611, 0.3745844107868489, 0.4226080531954193, 0.2065016623568526, 0.2065016623568526, 0.17768747691171038, 0.17768747691171038, 0.17768747691171038, 0.20539342445511635, 0.20539342445511635, 0.17768747691171038, 0.20502401182120428, 0.2065016623568526, 0.18175101588474327, 0.20539342445511635, 0.2105652013298855, 0.2065016623568526, 0.17768747691171038, 0.2065016623568526, 0.20539342445511635, 0.2065016623568526, 0.20354636128555598], "GAT": [0.6383450314000739, 0.6239379386775028, 0.5448836350203177, 0.36497968230513483, 0.2951606944957518, 0.2722571111932028, 0.27188769855929074, 0.22792759512375324, 0.2393793867750277, 0.23494643516808275, 0.23827114887329146, 0.24011821204285186, 0.22977465829331364, 0.24011821204285186, 0.24085703731067604, 0.23790173623937938, 0.23014407092722572, 0.22718876985592906, 0.22977465829331364, 0.24085703731067604, 0.22792759512375324, 0.24787587735500555, 0.2286664203915774, 0.23125230882896194, 0.23679349833764315, 0.2264499445881049, 0.2338381972663465, 0.23014407092722572, 0.23457702253417068, 0.22423346878463243, 0.23125230882896194]}