{"HGAT-sum": [0.1588474325821943, 0.0731437015145918], "HGAT-mean": [0.2105652013298855, 0.20354636128555598], "GCN": [0.47432582194311046, 0.5105282600664943], "GraphSAGE-Mean": [0.546361285555966, 0.560029553010713], "GraphSAGE-Sum": [0.523457702253417, 0.5245659401551533], "GraphSAGE-Max": [0.5157000369412634, 0.509420022164758], "GAT": [0.4817140746213521, 0.4037680088659032]}