{"HGAT": [0.5858884373845585, 0.6741780568895456, 0.690062800147765, 0.6911710380495013, 0.6826745474695235, 0.6808274842999631, 0.6763945326930181, 0.6775027705947544, 0.6771333579608423, 0.6738086442556336, 0.6678980421130403, 0.6649427410417437, 0.6553380125600295, 0.652752124122645, 0.6505356483191725, 0.6431473956409309, 0.6405615072035463, 0.6276320650166236, 0.61100849649058, 0.5991872922053935, 0.5866272626523827, 0.5663095677872183, 0.5408200960472849, 0.5334318433690433, 0.5057258958256372, 0.49796823051348355, 0.4924270410048024, 0.4924270410048024, 0.4842999630587366, 0.4824528998891762, 0.4787587735500554], "GCN": [0.6608792020687108, 0.6608792020687108, 0.69449575175471, 0.6564462504617657, 0.6431473956409309, 0.5792390099741411, 0.5223494643516808, 0.5504248245289989, 0.536756557074252, 0.37347617288511264, 0.4019209456963428, 0.39970446989287034, 0.5201329885482083, 0.3524196527521241, 0.23014407092722572, 0.24418175101588474, 0.3417066863686738, 0.2046545991872922, 0.20317694865164387, 0.20317694865164387, 0.2028075360177318, 0.20797931289250093, 0.2013298854820835, 0.2028075360177318, 0.21352050240118212, 0.16143332101957886, 0.19209456963428148, 0.2212781677133358, 0.19726634650905062, 0.2194311045437754, 0.20354636128555598], "GraphSAGE-Mean": [0.629848540820096, 0.6305873660879202, 0.6653121536756557, 0.5168082748429996, 0.5393424455116365, 0.3276690062800148, 0.3642408570373107, 0.4078315478389361, 0.3454008127077946, 0.3232360546730698, 0.42704100480236423, 0.20539342445511635, 0.2105652013298855, 0.2393793867750277, 0.20539342445511635, 0.2065016623568526, 0.2065016623568526, 0.2065016623568526, 0.1813816032508312, 0.20539342445511635, 0.2065016623568526, 0.2105652013298855, 0.20539342445511635, 0.2065016623568526, 0.2065016623568526, 0.20945696342814923, 0.17768747691171038, 0.2065016623568526, 0.17768747691171038, 0.2105652013298855, 0.17768747691171038], "GraphSAGE-Max": [0.6135943849279646, 0.6124861470262283, 0.6047284817140747, 0.43960103435537495, 0.3912079793128925, 0.4543775397118581, 0.421130402659771, 0.35352789065386037, 0.36867380864425564, 0.3365349094939047, 0.3346878463243443, 0.2925748060583672, 0.3782785371259697, 0.2105652013298855, 0.2105652013298855, 0.2065016623568526, 0.17768747691171038, 0.17768747691171038, 0.17768747691171038, 0.2046545991872922, 0.20539342445511635, 0.20539342445511635, 0.2105652013298855, 0.2105652013298855, 0.20539342445511635, 0.2105652013298855, 0.20576283708902846, 0.20354636128555598, 0.20539342445511635, 0.2105652013298855, 0.20539342445511635], "GAT": [0.6361285555966014, 0.6387144440339859, 0.4610269671222756, 0.34835611377909126, 0.3162172146287403, 0.27373476172885114, 0.2434429257480606, 0.24011821204285186, 0.23605467306981898, 0.2305134835611378, 0.23457702253417068, 0.2356852604359069, 0.23199113409678612, 0.22940524565940154, 0.217584041374215, 0.22903583302548947, 0.2253417066863687, 0.2286664203915774, 0.23531584780199483, 0.24048762467676393, 0.23900997414111563, 0.23494643516808275, 0.22977465829331364, 0.2212781677133358, 0.22940524565940154, 0.2342076099002586, 0.2338381972663465, 0.2264499445881049, 0.23531584780199483, 0.2305134835611378, 0.2338381972663465]}