{"HGAT-mean": [0.5858884373845585, 0.675655707425194, 0.6919098633173254, 0.680458071666051, 0.6841521980051718, 0.6793498337643148, 0.6837827853712597, 0.6782415958625785, 0.676025120059106, 0.6745474695234577, 0.6649427410417437, 0.6601403768008866, 0.65718507572959, 0.6538603620243812, 0.6512744735869966, 0.6413003324713705, 0.639083856667898, 0.6276320650166236, 0.6143332101957887, 0.5999261174732176, 0.5773919468045807, 0.5570742519394163, 0.5397118581455486, 0.5212412264499446, 0.5057258958256372, 0.4987070557813077, 0.495382342076099, 0.4883635020317695, 0.48762467676394533, 0.4842999630587366, 0.47801994828223127], "HGAT-sum": [0.5869966752862948, 0.629479128186184, 0.5736978204654599, 0.5567048393055043, 0.5386036202438124, 0.5197635759142962, 0.4987070557813077, 0.5452530476542298, 0.4916882157369782, 0.49685999261174735, 0.5456224602881419, 0.4625046176579239, 0.4680458071666051, 0.4698928703361655, 0.46176579239009974, 0.47986701145179167, 0.4750646472109346, 0.46878463243442925, 0.4717399335057259, 0.4473586996675286, 0.4817140746213521, 0.4554857776135944, 0.45844107868489103, 0.4658293313631326, 0.4647210934613964, 0.47026228297007755, 0.47986701145179167, 0.46398226819357224, 0.46509050609530844, 0.4750646472109346, 0.476911710380495], "GCN": [0.6605097894347987, 0.6605097894347987, 0.7011451791651274, 0.6605097894347987, 0.6542297746582934, 0.5770225341706686, 0.5688954562246029, 0.47765053564831916, 0.47986701145179167, 0.38271148873291466, 0.20539342445511635, 0.5072035463612855, 0.47063169560398965, 0.3524196527521241, 0.19874399704469892, 0.2009604728481714, 0.21684521610639085, 0.40339859623199115, 0.19985223494643517, 0.20354636128555598, 0.2246028814185445, 0.1976357591429627, 0.2013298854820835, 0.1957886959734023, 0.2286664203915774, 0.1773180642777983, 0.1994828223125231, 0.20354636128555598, 0.1917251570003694, 0.21130402659770964, 0.18544514222386405], "GraphSAGE-Mean": [0.6309567787218323, 0.6305873660879202, 0.5884743258219431, 0.5112670853343184, 0.3605467306981899, 0.30476542297746584, 0.3236054673069819, 0.23827114887329146, 0.3561137790912449, 0.2467676394532693, 0.3454008127077946, 0.1976357591429627, 0.17768747691171038, 0.2065016623568526, 0.2065016623568526, 0.20354636128555598, 0.2065016623568526, 0.20539342445511635, 0.2065016623568526, 0.2065016623568526, 0.17768747691171038, 0.17768747691171038, 0.2065016623568526, 0.2065016623568526, 0.2105652013298855, 0.2065016623568526, 0.2046545991872922, 0.1813816032508312, 0.2105652013298855, 0.2105652013298855, 0.2065016623568526], "GraphSAGE-Sum": [0.6135943849279646, 0.61100849649058, 0.5917990395271518, 0.5197635759142962, 0.333210195788696, 0.3967491688215737, 0.2615441448097525, 0.25452530476542296, 0.3176948651643886, 0.2630217953454008, 0.24196527521241226, 0.30107129663834503, 0.27521241226449944, 0.2958995197635759, 0.28592537864794976, 0.28038418913926855, 0.2922053934244551, 0.24307351311414852, 0.30809013668267454, 0.2814924270410048, 0.2323605467306982, 0.2608053195419283, 0.35168082748429996, 0.2227558182489841, 0.27558182489841154, 0.2936830439601034, 0.33949021056520134, 0.27669006280014774, 0.2264499445881049, 0.3036571850757296, 0.30956778721832284], "GraphSAGE-Max": [0.6147026228297008, 0.6147026228297008, 0.6180273365349095, 0.5936461026967123, 0.5223494643516808, 0.46545991872922055, 0.4458810491318803, 0.34244551163649795, 0.3867750277059475, 0.3018101219061692, 0.34650905060953086, 0.4115256741780569, 0.2065016623568526, 0.2065016623568526, 0.17768747691171038, 0.20539342445511635, 0.20539342445511635, 0.20539342445511635, 0.20539342445511635, 0.17768747691171038, 0.2065016623568526, 0.20539342445511635, 0.18175101588474327, 0.20539342445511635, 0.2105652013298855, 0.2065016623568526, 0.2065016623568526, 0.2065016623568526, 0.20539342445511635, 0.2065016623568526, 0.20354636128555598], "GAT": [0.6379756187661618, 0.6235685260435907, 0.5426671592168452, 0.34281492427041005, 0.3764314739564093, 0.2833394902105652, 0.23900997414111563, 0.22755818248984117, 0.2393793867750277, 0.23605467306981898, 0.2393793867750277, 0.23827114887329146, 0.22718876985592906, 0.24011821204285186, 0.24048762467676393, 0.2323605467306982, 0.2305134835611378, 0.22940524565940154, 0.22977465829331364, 0.23864056150720356, 0.22792759512375324, 0.23790173623937938, 0.22977465829331364, 0.2342076099002586, 0.23272995936461027, 0.2264499445881049, 0.23088289619504987, 0.22940524565940154, 0.24085703731067604, 0.23088289619504987, 0.23125230882896194]}