{"proposed": [0.583302548947174, 0.6741780568895456, 0.690062800147765, 0.6911710380495013, 0.6826745474695235, 0.6808274842999631, 0.6752862947912819, 0.6775027705947544, 0.6741780568895456, 0.6704839305504249, 0.6653121536756557, 0.661618027336535, 0.6542297746582934, 0.6501662356852604, 0.6483191725157, 0.6420391577391947, 0.6394532693018101, 0.6276320650166236, 0.6084226080531954, 0.5966014037680089, 0.5866272626523827, 0.5663095677872183, 0.5382342076099003, 0.5334318433690433, 0.49649057997783524, 0.490579977835242, 0.48947173993350573, 0.4883635020317695, 0.47986701145179167, 0.4787587735500554], "gcn": [0.6405615072035463, 0.6427779830070188, 0.6823051348356114, 0.6283708902844477, 0.6283708902844477, 0.5471001108237902, 0.5120059106021426, 0.5382342076099003, 0.536756557074252, 0.3908385666789804, 0.39785740672330994, 0.39785740672330994, 0.44661987439970446, 0.29922423346878463, 0.19837458441078684, 0.19800517177687477, 0.3420760990025859, 0.17768747691171038, 0.19837458441078684, 0.20317694865164387, 0.19874399704469892, 0.18729220539342445, 0.17103804950129295, 0.17657923900997413, 0.21352050240118212, 0.1485038788326561, 0.18359807905430367, 0.2105652013298855, 0.18212042851865534, 0.2009604728481714], "graphSageMean": [0.6080531954192834, 0.6099002585888438, 0.6291097155522719, 0.49685999261174735, 0.5020317694865164, 0.3276690062800148, 0.3642408570373107, 0.4078315478389361, 0.3454008127077946, 0.3247137052087181, 0.374953823420761, 0.20539342445511635, 0.2105652013298855, 0.22053934244551163, 0.20539342445511635, 0.2065016623568526, 0.2065016623568526, 0.17768747691171038, 0.1813816032508312, 0.17768747691171038, 0.2065016623568526, 0.2105652013298855, 0.20539342445511635, 0.2065016623568526, 0.2065016623568526, 0.20945696342814923, 0.17768747691171038, 0.2065016623568526, 0.17768747691171038, 0.2105652013298855], "graphSageMax": [0.596970816401921, 0.5943849279645363, 0.5792390099741411, 0.43960103435537495, 0.3369043221278168, 0.4355374953823421, 0.4200221647580347, 0.35352789065386037, 0.3439231621721463, 0.31326191355744365, 0.3383819726634651, 0.2537864794975988, 0.38308090136682676, 0.2105652013298855, 0.2105652013298855, 0.2065016623568526, 0.17768747691171038, 0.17768747691171038, 0.17768747691171038, 0.2046545991872922, 0.20539342445511635, 0.17768747691171038, 0.2105652013298855, 0.2105652013298855, 0.20539342445511635, 0.2105652013298855, 0.20576283708902846, 0.20354636128555598, 0.17768747691171038, 0.2105652013298855], "gat": [0.6320650166235685, 0.6161802733653491, 0.4610269671222756, 0.3572220169929812, 0.2748429996305874, 0.27669006280014774, 0.2342076099002586, 0.24011821204285186, 0.23125230882896194, 0.23716291097155523, 0.23790173623937938, 0.23679349833764315, 0.23605467306981898, 0.2356852604359069, 0.22238640561507203, 0.22090875507942373, 0.22608053195419284, 0.23014407092722572, 0.2338381972663465, 0.23974879940893978, 0.23716291097155523, 0.2356852604359069, 0.2323605467306982, 0.21278167713335797, 0.2286664203915774, 0.2342076099002586, 0.2338381972663465, 0.22829700775766532, 0.21278167713335797, 0.23531584780199483]}