{"HGAT-mean": [0.5454545454545454, 0.7122823984526112, 0.761605415860735, 0.7828820116054158, 0.7751450676982592, 0.7678916827852998, 0.7635396518375241, 0.7809477756286267, 0.7717601547388782, 0.753384912959381, 0.7882011605415861, 0.7495164410058027, 0.6794003868471954, 0.5691489361702128, 0.5502901353965184, 0.511605415860735, 0.4898452611218569, 0.49177949709864605, 0.48694390715667313, 0.46808510638297873, 0.4864603481624758, 0.4748549323017408, 0.4690522243713733, 0.4564796905222437, 0.4598646034816248, 0.44777562862669246, 0.46131528046421666, 0.4584139264990329, 0.4559961315280464, 0.44825918762088973, 0.44777562862669246], "HGAT-sum": [0.5174081237911026, 0.7282398452611218, 0.7495164410058027, 0.710348162475822, 0.7026112185686654, 0.7026112185686654, 0.688588007736944, 0.6740812379110251, 0.6595744680851063, 0.663926499032882, 0.6745647969052224, 0.6745647969052224, 0.6677949709864603, 0.6532882011605415, 0.6624758220502901, 0.6663442940038685, 0.6668278529980658, 0.6590909090909091, 0.6600580270793037, 0.660541586073501, 0.6537717601547389, 0.663926499032882, 0.663926499032882, 0.6677949709864603, 0.6595744680851063, 0.660541586073501, 0.6615087040618955, 0.6648936170212766, 0.6648936170212766, 0.6644100580270793, 0.6610251450676983], "GCN": [0.769825918762089, 0.7693423597678917, 0.7959381044487428, 0.8012572533849129, 0.776595744680851, 0.7117988394584139, 0.5261121856866537, 0.6924564796905223, 0.5889748549323017, 0.6320116054158608, 0.6774661508704062, 0.21083172147001933, 0.6378143133462283, 0.35880077369439073, 0.3481624758220503, 0.3994197292069632, 0.36315280464216637, 0.24613152804642166, 0.32640232108317213, 0.31382978723404253, 0.19197292069632496, 0.3065764023210832, 0.22582205029013538, 0.2587040618955513, 0.3670212765957447, 0.31092843326885883, 0.3104448742746615, 0.32978723404255317, 0.3099613152804642, 0.359284332688588, 0.3041586073500967], "GraphSAGE-Mean": [0.72678916827853, 0.7253384912959381, 0.7703094777562862, 0.6218568665377177, 0.5493230174081238, 0.3409090909090909, 0.46421663442940037, 0.37524177949709864, 0.6373307543520309, 0.4787234042553192, 0.5140232108317214, 0.15618955512572533, 0.15618955512572533, 0.31479690522243714, 0.31479690522243714, 0.31479690522243714, 0.31479690522243714, 0.31479690522243714, 0.31479690522243714, 0.31479690522243714, 0.31479690522243714, 0.15618955512572533, 0.31479690522243714, 0.31479690522243714, 0.31479690522243714, 0.31479690522243714, 0.31479690522243714, 0.31479690522243714, 0.31479690522243714, 0.31479690522243714, 0.15618955512572533], "GraphSAGE-Sum": [0.758220502901354, 0.7606382978723404, 0.6929400386847195, 0.433752417794971, 0.4090909090909091, 0.2712765957446808, 0.39506769825918764, 0.35251450676982593, 0.31963249516441006, 0.16199226305609285, 0.38104448742746616, 0.2524177949709865, 0.22195357833655707, 0.22243713733075435, 0.2514506769825919, 0.31479690522243714, 0.2635396518375242, 0.24468085106382978, 0.2553191489361702, 0.17794970986460348, 0.40377176015473887, 0.20019342359767892, 0.21663442940038685, 0.30947775628626695, 0.24274661508704062, 0.29545454545454547, 0.269825918762089, 0.32640232108317213, 0.35106382978723405, 0.30319148936170215, 0.2925531914893617], "GraphSAGE-Max": [0.7403288201160542, 0.7393617021276596, 0.7330754352030948, 0.7147001934235977, 0.6397485493230174, 0.6213733075435203, 0.46083172147001933, 0.48307543520309476, 0.6015473887814313, 0.38781431334622823, 0.4564796905222437, 0.3655705996131528, 0.534816247582205, 0.433752417794971, 0.15618955512572533, 0.31479690522243714, 0.31479690522243714, 0.31479690522243714, 0.31479690522243714, 0.31479690522243714, 0.15618955512572533, 0.31479690522243714, 0.31479690522243714, 0.31479690522243714, 0.31479690522243714, 0.15618955512572533, 0.31479690522243714, 0.31479690522243714, 0.31479690522243714, 0.31479690522243714, 0.31479690522243714], "GAT": [0.7475822050290135, 0.7553191489361702, 0.511605415860735, 0.3215667311411992, 0.2775628626692456, 0.24274661508704062, 0.24274661508704062, 0.24274661508704062, 0.22969052224371372, 0.24274661508704062, 0.26499032882011603, 0.24274661508704062, 0.2127659574468085, 0.24274661508704062, 0.24274661508704062, 0.24274661508704062, 0.24274661508704062, 0.24274661508704062, 0.2746615087040619, 0.22969052224371372, 0.24274661508704062, 0.24274661508704062, 0.24274661508704062, 0.24274661508704062, 0.2509671179883946, 0.24274661508704062, 0.24758220502901354, 0.2205029013539652, 0.22969052224371372, 0.24274661508704062, 0.24274661508704062]}