{"proposed": [0.5473887814313346, 0.7098646034816247, 0.7461315280464217, 0.7596711798839458, 0.7683752417794971, 0.7649903288201161, 0.7886847195357833, 0.7649903288201161, 0.7799806576402321, 0.7707930367504836, 0.7790135396518375, 0.7514506769825918, 0.6518375241779497, 0.5106382978723404, 0.4772727272727273, 0.4632495164410058, 0.4874274661508704, 0.456963249516441, 0.4347195357833656, 0.4308510638297872, 0.4381044487427466, 0.41634429400386846, 0.4148936170212766, 0.4119922630560928, 0.41876208897485495, 0.41005802707930367, 0.41005802707930367, 0.405705996131528, 0.41682785299806574, 0.4090909090909091], "gcn": [0.7156673114119922, 0.7166344294003868, 0.7920696324951644, 0.7403288201160542, 0.7374274661508704, 0.6774661508704062, 0.6914893617021277, 0.5556092843326886, 0.6716634429400387, 0.4922630560928433, 0.5294970986460348, 0.17940038684719536, 0.16295938104448743, 0.16731141199226304, 0.22098646034816247, 0.1653771760154739, 0.16682785299806577, 0.16054158607350097, 0.20502901353965183, 0.1702127659574468, 0.16247582205029013, 0.16972920696324953, 0.29497098646034814, 0.16102514506769827, 0.21711798839458413, 0.18133462282398452, 0.1576402321083172, 0.18085106382978725, 0.16150870406189555, 0.16827852998065765], "graphSageMean": [0.6441005802707931, 0.6465183752417795, 0.7001934235976789, 0.6982591876208898, 0.5585106382978723, 0.49709864603481624, 0.5038684719535783, 0.45938104448742745, 0.5101547388781431, 0.3858800773694391, 0.3931334622823984, 0.40667311411992263, 0.4332688588007737, 0.1576402321083172, 0.31092843326885883, 0.31092843326885883, 0.15860735009671179, 0.31092843326885883, 0.31092843326885883, 0.31092843326885883, 0.31092843326885883, 0.31092843326885883, 0.31092843326885883, 0.31092843326885883, 0.31092843326885883, 0.31092843326885883, 0.31092843326885883, 0.15860735009671179, 0.31092843326885883, 0.1576402321083172], "graphSageMax": [0.6624758220502901, 0.6653771760154739, 0.6677949709864603, 0.543036750483559, 0.3897485493230174, 0.5507736943907157, 0.5817214700193424, 0.508220502901354, 0.4772727272727273, 0.39264990328820115, 0.39893617021276595, 0.4284332688588008, 0.4734042553191489, 0.31092843326885883, 0.31092843326885883, 0.31092843326885883, 0.15860735009671179, 0.15860735009671179, 0.15860735009671179, 0.31092843326885883, 0.31092843326885883, 0.31092843326885883, 0.15860735009671179, 0.15860735009671179, 0.31092843326885883, 0.31092843326885883, 0.31092843326885883, 0.1576402321083172, 0.31092843326885883, 0.31092843326885883], "gat": [0.6624758220502901, 0.6852030947775629, 0.632495164410058, 0.3114119922630561, 0.1760154738878143, 0.15860735009671179, 0.16150870406189555, 0.15618955512572533, 0.31092843326885883, 0.1349129593810445, 0.31092843326885883, 0.15570599613152805, 0.15667311411992263, 0.15232108317214701, 0.12524177949709864, 0.31092843326885883, 0.31092843326885883, 0.31092843326885883, 0.31092843326885883, 0.16102514506769827, 0.1518375241779497, 0.31092843326885883, 0.16054158607350097, 0.1576402321083172, 0.12524177949709864, 0.31092843326885883, 0.31092843326885883, 0.13249516441005801, 0.13201160541586074, 0.1595744680851064]}