{"HGAT": [0.5483558994197292, 0.715183752417795, 0.753384912959381, 0.7669245647969052, 0.7727272727272727, 0.7756286266924565, 0.7886847195357833, 0.7751450676982592, 0.7823984526112185, 0.7727272727272727, 0.7804642166344294, 0.7611218568665378, 0.6716634429400387, 0.5372340425531915, 0.4922630560928433, 0.4864603481624758, 0.4874274661508704, 0.456963249516441, 0.4463249516441006, 0.44197292069632493, 0.4395551257253385, 0.4400386847195358, 0.43568665377176014, 0.433752417794971, 0.43617021276595747, 0.4332688588007737, 0.4323017408123791, 0.4308510638297872, 0.4347195357833656, 0.4308510638297872, 0.43036750483558994], "GCN": [0.7345261121856866, 0.7345261121856866, 0.7920696324951644, 0.7504835589941973, 0.7529013539651838, 0.6963249516441006, 0.7045454545454546, 0.6687620889748549, 0.6716634429400387, 0.6378143133462283, 0.5686653771760155, 0.2688588007736944, 0.1760154738878143, 0.16731141199226304, 0.2678916827852998, 0.2514506769825919, 0.2862669245647969, 0.22243713733075435, 0.2935203094777563, 0.1885880077369439, 0.2200193423597679, 0.2712765957446808, 0.29497098646034814, 0.16102514506769827, 0.30609284332688586, 0.19342359767891681, 0.1576402321083172, 0.281431334622824, 0.21131528046421663, 0.2712765957446808, 0.31092843326885883], "GraphSAGE-Mean": [0.683752417794971, 0.683752417794971, 0.754835589941973, 0.7243713733075435, 0.5609284332688588, 0.49709864603481624, 0.5212765957446809, 0.48404255319148937, 0.5164410058027079, 0.38733075435203096, 0.3994197292069632, 0.4995164410058027, 0.4661508704061896, 0.1576402321083172, 0.31092843326885883, 0.31092843326885883, 0.15860735009671179, 0.31092843326885883, 0.31092843326885883, 0.31092843326885883, 0.31092843326885883, 0.31092843326885883, 0.31092843326885883, 0.31092843326885883, 0.31092843326885883, 0.31092843326885883, 0.31092843326885883, 0.15860735009671179, 0.31092843326885883, 0.1576402321083172, 0.31092843326885883], "GraphSAGE-Max": [0.6895551257253385, 0.6900386847195358, 0.6803675048355899, 0.6083172147001934, 0.46421663442940037, 0.6165377176015474, 0.6039651837524178, 0.5309477756286267, 0.49177949709864605, 0.3902321083172147, 0.3984526112185687, 0.38104448742746616, 0.4772727272727273, 0.31092843326885883, 0.31092843326885883, 0.31092843326885883, 0.15860735009671179, 0.31092843326885883, 0.15860735009671179, 0.31092843326885883, 0.31092843326885883, 0.31092843326885883, 0.15860735009671179, 0.15860735009671179, 0.31092843326885883, 0.31092843326885883, 0.31092843326885883, 0.1576402321083172, 0.31092843326885883, 0.31092843326885883, 0.15860735009671179], "GAT": [0.6769825918762089, 0.6982591876208898, 0.632495164410058, 0.38249516441005804, 0.28481624758220503, 0.17553191489361702, 0.17553191489361702, 0.17891682785299806, 0.31092843326885883, 0.1349129593810445, 0.31092843326885883, 0.19729206963249515, 0.19197292069632496, 0.16924564796905223, 0.12524177949709864, 0.31092843326885883, 0.31092843326885883, 0.31092843326885883, 0.31092843326885883, 0.172147001934236, 0.19245647969052224, 0.31092843326885883, 0.17456479690522245, 0.1890715667311412, 0.12524177949709864, 0.31092843326885883, 0.31092843326885883, 0.13249516441005801, 0.13201160541586074, 0.18085106382978725, 0.31092843326885883]}