{"HGAT-sum": [0.5454545454545454, 0.7122823984526112, 0.761605415860735, 0.7828820116054158, 0.7751450676982592, 0.7678916827852998, 0.7635396518375241, 0.7809477756286267, 0.7717601547388782, 0.753384912959381, 0.7882011605415861, 0.7495164410058027, 0.6794003868471954, 0.5691489361702128, 0.5502901353965184, 0.511605415860735, 0.4898452611218569, 0.49177949709864605, 0.48694390715667313, 0.46808510638297873, 0.4864603481624758, 0.4748549323017408, 0.4690522243713733, 0.4564796905222437, 0.4598646034816248, 0.44777562862669246, 0.46131528046421666, 0.4584139264990329, 0.4559961315280464, 0.44825918762088973, 0.44777562862669246], "HGAT-mean": [0.5174081237911026, 0.7282398452611218, 0.7495164410058027, 0.710348162475822, 0.7026112185686654, 0.7026112185686654, 0.688588007736944, 0.6740812379110251, 0.6595744680851063, 0.663926499032882, 0.6745647969052224, 0.6745647969052224, 0.6677949709864603, 0.6532882011605415, 0.6624758220502901, 0.6663442940038685, 0.6668278529980658, 0.6590909090909091, 0.6600580270793037, 0.660541586073501, 0.6537717601547389, 0.663926499032882, 0.663926499032882, 0.6677949709864603, 0.6595744680851063, 0.660541586073501, 0.6615087040618955, 0.6648936170212766, 0.6648936170212766, 0.6644100580270793, 0.6610251450676983], "GCN": [0.769825918762089, 0.7693423597678917, 0.7959381044487428, 0.8012572533849129, 0.776595744680851, 0.7117988394584139, 0.5299806576402321, 0.690522243713733, 0.5913926499032882, 0.6847195357833655, 0.6445841392649904, 0.21083172147001933, 0.6455512572533849, 0.32350096711798837, 0.32640232108317213, 0.40522243713733075, 0.33365570599613154, 0.24274661508704062, 0.3239845261121857, 0.22823984526112184, 0.33317214700193426, 0.32108317214700194, 0.35106382978723405, 0.3529980657640232, 0.33945841392649906, 0.37524177949709864, 0.33994197292069633, 0.3288201160541586, 0.2751450676982592, 0.34864603481624756, 0.3002901353965184], "GraphSAGE-Mean": [0.72678916827853, 0.7253384912959381, 0.7703094777562862, 0.6228239845261122, 0.5498065764023211, 0.3413926499032882, 0.4622823984526112, 0.3849129593810445, 0.6373307543520309, 0.4559961315280464, 0.4811411992263056, 0.15618955512572533, 0.15618955512572533, 0.31479690522243714, 0.31479690522243714, 0.31479690522243714, 0.31479690522243714, 0.31479690522243714, 0.31479690522243714, 0.31479690522243714, 0.31479690522243714, 0.15618955512572533, 0.31479690522243714, 0.31479690522243714, 0.31479690522243714, 0.31479690522243714, 0.31479690522243714, 0.31479690522243714, 0.31479690522243714, 0.31479690522243714, 0.15618955512572533], "GraphSAGE-Sum": [0.758220502901354, 0.7606382978723404, 0.6929400386847195, 0.3849129593810445, 0.41682785299806574, 0.26934235976789167, 0.390715667311412, 0.3520309477756286, 0.31576402321083175, 0.16199226305609285, 0.3805609284332689, 0.2524177949709865, 0.22195357833655707, 0.22243713733075435, 0.2514506769825919, 0.31479690522243714, 0.26692456479690524, 0.2915860735009671, 0.3065764023210832, 0.17794970986460348, 0.4182785299806576, 0.20019342359767892, 0.21663442940038685, 0.30947775628626695, 0.3254352030947776, 0.29545454545454547, 0.26063829787234044, 0.32350096711798837, 0.35251450676982593, 0.30319148936170215, 0.2925531914893617], "GraphSAGE-Max": [0.7403288201160542, 0.7393617021276596, 0.7325918762088974, 0.7147001934235977, 0.6407156673114119, 0.620889748549323, 0.46034816247582205, 0.4695357833655706, 0.589458413926499, 0.38878143133462284, 0.45551257253384914, 0.4134429400386847, 0.5299806576402321, 0.4332688588007737, 0.15618955512572533, 0.31479690522243714, 0.31479690522243714, 0.31479690522243714, 0.31479690522243714, 0.31479690522243714, 0.15618955512572533, 0.31479690522243714, 0.31479690522243714, 0.31479690522243714, 0.31479690522243714, 0.15618955512572533, 0.31479690522243714, 0.31479690522243714, 0.31479690522243714, 0.31479690522243714, 0.31479690522243714], "GAT": [0.75, 0.754835589941973, 0.511605415860735, 0.29545454545454547, 0.2775628626692456, 0.24274661508704062, 0.24274661508704062, 0.24274661508704062, 0.22969052224371372, 0.24274661508704062, 0.26499032882011603, 0.24274661508704062, 0.2127659574468085, 0.24274661508704062, 0.24274661508704062, 0.24274661508704062, 0.24274661508704062, 0.24274661508704062, 0.2746615087040619, 0.22098646034816247, 0.24274661508704062, 0.24274661508704062, 0.24274661508704062, 0.24274661508704062, 0.2509671179883946, 0.24274661508704062, 0.24758220502901354, 0.2205029013539652, 0.22969052224371372, 0.24274661508704062, 0.24274661508704062]}