{"HGAT-sum": [0.4562822988985749, 0.6582972281672496, 0.6837187451062275, 0.748864644777366, 0.7512658558229368, 0.7569034817560161, 0.7600354961632824, 0.7501174505402725, 0.754867672391293, 0.750848253901968, 0.7525186615858432, 0.7596178942423135, 0.7326303700997024, 0.659967635851125, 0.6146578274260062, 0.6173200396721825, 0.5946651354596231, 0.5907501174505403, 0.5829200814323746, 0.606096988046145, 0.5748290442136034, 0.5945085347392598, 0.5737850394111813, 0.5698700214020984, 0.5727932348488803, 0.5620399853839327, 0.561152581301874, 0.5561413582502479, 0.5567677611317012, 0.5623009865845383, 0.5723234326877904], "HGAT-mean": [0.42626716082893984, 0.5404290859737955, 0.6963512032155348, 0.6727044944406744, 0.7055384454768492, 0.6960380017748081, 0.6923839849663308, 0.6875293626350681, 0.6729654956412799, 0.6685806754711072, 0.6774025160515739, 0.6857545544709506, 0.675471107167093, 0.6693114788328026, 0.6743749021245498, 0.6757321083676985, 0.6748447042856397, 0.6806911311792034, 0.6780811191731482, 0.6737484992430965, 0.6697812809938926, 0.6739050999634598, 0.6865897583128883, 0.6752623062066085, 0.6728610951610378, 0.6775591167719371, 0.6717126898783734, 0.6888865688782169, 0.6712428877172835, 0.679490525656418, 0.6730698961215221], "GCN": [0.7415044109202902, 0.7416610116406536, 0.750378451740878, 0.7421830140418646, 0.7461502322910686, 0.6848671503888918, 0.6847627499086496, 0.6787075220546015, 0.654486610638409, 0.37960014616067234, 0.3998538393276609, 0.3998538393276609, 0.3998538393276609, 0.5234118076943154, 0.3930678081119173, 0.41071148927285067, 0.4215691392180404, 0.3998538393276609, 0.4011066450905674, 0.3998538393276609, 0.3998538393276609, 0.3998538393276609, 0.3998538393276609, 0.3762593307929216, 0.3998538393276609, 0.3998538393276609, 0.3998538393276609, 0.3998538393276609, 0.3998538393276609, 0.3998538393276609, 0.3998538393276609], "GraphSAGE-Mean": [0.7291851542517096, 0.7291329540115885, 0.7360755859476954, 0.5624053870647805, 0.5464843138278436, 0.3998538393276609, 0.6682674740303806, 0.3998538393276609, 0.3998538393276609, 0.3930678081119173, 0.3998538393276609, 0.3998538393276609, 0.3998538393276609, 0.3930678081119173, 0.3998538393276609, 0.3998538393276609, 0.3998538393276609, 0.3998538393276609, 0.3998538393276609, 0.3998538393276609, 0.3998538393276609, 0.3998538393276609, 0.3998538393276609, 0.3998538393276609, 0.3998538393276609, 0.3998538393276609, 0.3998538393276609, 0.3998538393276609, 0.3998538393276609, 0.3998538393276609, 0.3998538393276609], "GraphSAGE-Sum": [0.7221381218353604, 0.722399123035966, 0.7533538654277809, 0.6799081275773868, 0.6818917367019889, 0.5592733726575142, 0.3930678081119173, 0.3998538393276609, 0.5628229889857493, 0.40079344364984076, 0.3957300203580936, 0.476274990864958, 0.4000104400480242, 0.42397035026361124, 0.41175549407527273, 0.39593882131857805, 0.4121208957561205, 0.41045048807224516, 0.40423865949783366, 0.39792243044318004, 0.40048024220911416, 0.3767291329540116, 0.40470846165892366, 0.408884480868612, 0.5210105966487446, 0.4145743070418124, 0.4055436655008613, 0.3998538393276609, 0.3998538393276609, 0.408884480868612, 0.3998538393276609], "GraphSAGE-Max": [0.7183797045466409, 0.7182753040663987, 0.7373805919507229, 0.6531816046353813, 0.7180665031059142, 0.6138226235840685, 0.5248212141775852, 0.3998538393276609, 0.3998538393276609, 0.47700579422665346, 0.3998538393276609, 0.3998538393276609, 0.3998538393276609, 0.3998538393276609, 0.3998538393276609, 0.3998538393276609, 0.3930678081119173, 0.3998538393276609, 0.3998538393276609, 0.3930678081119173, 0.3998538393276609, 0.3998538393276609, 0.3998538393276609, 0.3998538393276609, 0.3998538393276609, 0.3998538393276609, 0.3998538393276609, 0.3998538393276609, 0.3998538393276609, 0.3998538393276609, 0.3998538393276609], "GAT": [0.7167614971028867, 0.7094534634859321, 0.5035235162081746, 0.3930678081119173, 0.40476066189904475, 0.2909641384350368, 0.397400428041969, 0.40131544605105185, 0.3998538393276609, 0.3998538393276609, 0.40476066189904475, 0.3998538393276609, 0.3998538393276609, 0.40476066189904475, 0.4015242470115363, 0.3998538393276609, 0.40481286213916584, 0.40476066189904475, 0.40476066189904475, 0.3998538393276609, 0.3986532338048755, 0.40476066189904475, 0.40476066189904475, 0.40476066189904475, 0.3998538393276609, 0.3998538393276609, 0.3986532338048755, 0.40371665709662263, 0.3998538393276609, 0.397400428041969, 0.40476066189904475]}