{"HGAT": [0.3991752362060865, 0.7051208435558803, 0.7097666649266586, 0.7158218927807067, 0.7212507177533016, 0.7175967009448243, 0.715404290859738, 0.7193715091089419, 0.7192671086286997, 0.7186407057472465, 0.717440100224461, 0.7184841050268831, 0.6993266169024378, 0.6748969045257608, 0.6461867724591533, 0.6162760348697603, 0.5678864122774965, 0.5560369577700057, 0.5684084146787075, 0.5463277131074803, 0.5434044996606985, 0.5762384506968732, 0.5885055071253328, 0.5345826590802317, 0.5378712742078614, 0.5080127368585895, 0.5229942057733465, 0.5421516938977919, 0.5343216578796263, 0.5285274312261836, 0.524716813697343], "GCN": [0.7305423604948583, 0.730907762175706, 0.7832124027770527, 0.796836665448661, 0.7304901602547371, 0.4005846426893564, 0.7288719528109829, 0.7210419167928173, 0.7253223364827478, 0.3561622383462964, 0.3991752362060865, 0.3938508117137339, 0.3991752362060865, 0.3991752362060865, 0.38649057785665814, 0.4003236414887508, 0.3991752362060865, 0.3991752362060865, 0.3991752362060865, 0.3991752362060865, 0.3991752362060865, 0.3938508117137339, 0.3991752362060865, 0.39390301195385496, 0.3991752362060865, 0.3991752362060865, 0.3938508117137339, 0.3991752362060865, 0.3991752362060865, 0.3938508117137339, 0.3991752362060865], "GraphSAGE-Mean": [0.7279845487289242, 0.7279323484888031, 0.7507438534217258, 0.6290128934593099, 0.5969619460249517, 0.4520018792086444, 0.7140470846165893, 0.6793861251761758, 0.3991752362060865, 0.3991752362060865, 0.6622644464164535, 0.3991752362060865, 0.3991752362060865, 0.3991752362060865, 0.3991752362060865, 0.3991752362060865, 0.3991752362060865, 0.3991752362060865, 0.3991752362060865, 0.3991752362060865, 0.3991752362060865, 0.3991752362060865, 0.3991752362060865, 0.3938508117137339, 0.3991752362060865, 0.3991752362060865, 0.3991752362060865, 0.3991752362060865, 0.3991752362060865, 0.3991752362060865, 0.3991752362060865], "GraphSAGE-Max": [0.7259487393642011, 0.7259487393642011, 0.7645247168136974, 0.7029284334707939, 0.7609229002453411, 0.6639348541003288, 0.5145377668737277, 0.6194080492770266, 0.5850080910372187, 0.3991752362060865, 0.3991752362060865, 0.3991752362060865, 0.3991752362060865, 0.3991752362060865, 0.3991752362060865, 0.3991752362060865, 0.3991752362060865, 0.3991752362060865, 0.3991752362060865, 0.3991752362060865, 0.3991752362060865, 0.3938508117137339, 0.3938508117137339, 0.3991752362060865, 0.3991752362060865, 0.3991752362060865, 0.3991752362060865, 0.3991752362060865, 0.3991752362060865, 0.3991752362060865, 0.3991752362060865], "GAT": [0.7023542308294618, 0.6972386072975936, 0.5340606566790207, 0.48624523672808895, 0.324998694993997, 0.3991752362060865, 0.3248942945137548, 0.4009500443702041, 0.4049694628595292, 0.4009500443702041, 0.39734822780184786, 0.3991752362060865, 0.32484209427363364, 0.4009500443702041, 0.4009500443702041, 0.37150910894190114, 0.32484209427363364, 0.31758626089680014, 0.4049694628595292, 0.3254162969149658, 0.4049694628595292, 0.32358928851072716, 0.3253118964347236, 0.32505089523411806, 0.4009500443702041, 0.3242156913921804, 0.3991752362060865, 0.3991752362060865, 0.3991752362060865, 0.3249464947538759, 0.3938508117137339]}