{"proposed": [0.3991752362060865, 0.428355170433784, 0.5166779767186929, 0.5664770057942267, 0.6013467661951245, 0.6126220180612831, 0.6135094221433418, 0.6287518922587044, 0.5683040141984653, 0.5749856449339666, 0.6320927076264551, 0.6136660228637052, 0.5796836665448661, 0.6236362687268362, 0.6143446259852795, 0.591063318891267, 0.5678864122774965, 0.5521219397609229, 0.5684084146787075, 0.5463277131074803, 0.5434044996606985, 0.5762384506968732, 0.5885055071253328, 0.5345826590802317, 0.5378712742078614, 0.49104765881923057, 0.5229942057733465, 0.5421516938977919, 0.5343216578796263, 0.5285274312261836], "gcn": [0.7305423604948583, 0.730907762175706, 0.7759565694002193, 0.792295244558125, 0.7304901602547371, 0.3991752362060865, 0.7288719528109829, 0.7262619408049277, 0.6089158010126846, 0.34739259800595085, 0.3991752362060865, 0.3938508117137339, 0.3991752362060865, 0.3991752362060865, 0.38649057785665814, 0.4003236414887508, 0.3991752362060865, 0.3991752362060865, 0.3991752362060865, 0.3991752362060865, 0.3991752362060865, 0.3938508117137339, 0.3991752362060865, 0.39390301195385496, 0.3991752362060865, 0.3991752362060865, 0.3938508117137339, 0.3991752362060865, 0.3991752362060865, 0.3938508117137339], "graphSageMean": [0.7241217309599625, 0.723390927598267, 0.750378451740878, 0.6254110768909537, 0.5969619460249517, 0.4520018792086444, 0.7143080858171947, 0.6442553635746724, 0.3991752362060865, 0.3991752362060865, 0.6622644464164535, 0.3991752362060865, 0.3991752362060865, 0.3991752362060865, 0.3991752362060865, 0.3991752362060865, 0.3991752362060865, 0.3991752362060865, 0.3991752362060865, 0.3991752362060865, 0.3991752362060865, 0.3991752362060865, 0.3991752362060865, 0.3938508117137339, 0.3991752362060865, 0.3991752362060865, 0.3991752362060865, 0.3991752362060865, 0.3991752362060865, 0.3991752362060865], "graphSageMax": [0.721929320874876, 0.7217727201545127, 0.7640549146526074, 0.6820483374223522, 0.7609229002453411, 0.6639870543404499, 0.44730385759774494, 0.6194080492770266, 0.5850080910372187, 0.3991752362060865, 0.3991752362060865, 0.3991752362060865, 0.3991752362060865, 0.3991752362060865, 0.3991752362060865, 0.3991752362060865, 0.3991752362060865, 0.3991752362060865, 0.3991752362060865, 0.3991752362060865, 0.3991752362060865, 0.3938508117137339, 0.3938508117137339, 0.3991752362060865, 0.3991752362060865, 0.3991752362060865, 0.3991752362060865, 0.3991752362060865, 0.3991752362060865, 0.3991752362060865], "gat": [0.7023542308294618, 0.6972386072975936, 0.4359242052513442, 0.4823824189591272, 0.324998694993997, 0.3991752362060865, 0.3248942945137548, 0.4009500443702041, 0.4049694628595292, 0.4009500443702041, 0.39734822780184786, 0.3991752362060865, 0.32395469019157486, 0.4009500443702041, 0.4009500443702041, 0.3238502897113327, 0.3244244923526648, 0.3171686589758313, 0.4049694628595292, 0.32505089523411806, 0.4049694628595292, 0.32358928851072716, 0.3245810930730281, 0.324998694993997, 0.4009500443702041, 0.3242156913921804, 0.3991752362060865, 0.3991752362060865, 0.3991752362060865, 0.3249464947538759]}